G,mention,to
KSI,KSI,42
R9Rai,R9Rai,47
CHIPFAT_,CHIPFAT_,49
Cian_1997,Cian_1997,46
BBCR1,BBCR1,46
LilTunechi,LilTunechi,28
producerSX,producerSX,26
AnneMarie,AnneMarie,26
reallorraine,reallorraine,24
MTVUK,MTVUK,24
RiceGum,RiceGum,23
sidemen,sidemen,26
kirstielouisee,kirstielouisee,23
LORDKIFORN,LORDKIFORN,23
jxck_yt,jxck_yt,23
agenious0123448,agenious0123448,23
KsiStatistics,KsiStatistics,23
xixvodka,xixvodka,39
Melvinodoom,Melvinodoom,23
hitsradiouk,hitsradiouk,23
PrincesTrust,PrincesTrust,23
Calfreezy,Calfreezy,24
eatsides,eatsides,29
khubebabbasi,khubebabbasi,23
thcwknd,thcwknd,23
emmalou25,emmalou25,23
MTV,MTV,23
migaladari,migaladari,23
JDOfficial,JDOfficial,23
TubboLive,TubboLive,23
Ray33k1,Ray33k1,23
mtvema,mtvema,23
Jacksepticeye,Jacksepticeye,23
primevideouk,primevideouk,23
filmusic_ksi,filmusic_ksi,23
CharlierWarner,CharlierWarner,23
DegenApeAcademy,DegenApeAcademy,23
21savage,21savage,6
1future,1future,6
hmvtweets,hmvtweets,3
KreekCraft,KreekCraft,3
denodriz,denodriz,5
sidemenupdated,sidemenupdated,3
AppleMusic,AppleMusic,3
Jay1Official_,Jay1Official_,3
Rich1738_,Rich1738_,3
TNLUK,TNLUK,2
RecordClubUK,RecordClubUK,2
ZerkaaHD,ZerkaaHD,13
A1xJ1,A1xJ1,2
AmazonMusicUK,AmazonMusicUK,2
JustaMinx,JustaMinx,2
Roblox,Roblox,2
TheBugzyMalone,TheBugzyMalone,2
Tobjizzle,Tobjizzle,9
SpotifyUK,SpotifyUK,1
YouTube,YouTube,1
tommyinnit,tommyinnit,1
Teeqo,Teeqo,1
LJxmes,LJxmes,1
CraigDavid,CraigDavid,1
ciarjenningsx,ciarjenningsx,1
amazonmusic,amazonmusic,1
Polo_Capalot,Polo_Capalot,1
Thafnine,Thafnine,1
ImAllexx,ImAllexx,2
DailyRapFacts,DailyRapFacts,1
CryptoCobain,CryptoCobain,1
philytaggart,philytaggart,1
twomad,twomad,1
lildurk,lildurk,1
Maxdenver0,Maxdenver0,1
youtubemusic,youtubemusic,1
ellabettles1,ellabettles1,1
ChalkysUK,ChalkysUK,1
UNILAD,UNILAD,1
itsbigzuu,itsbigzuu,1
recordclubuk,recordclubuk,1
MoTheComedian,MoTheComedian,1
seasonedbf,seasonedbf,1
yungblud,yungblud,1
iamcardib,iamcardib,1
XBLzzirGrizz,XBLzzirGrizz,1
kfcgaming,kfcgaming,3
amazonmusicuk,amazonmusicuk,1
EggLord6921,EggLord6921,1
musicvenuetrust,musicvenuetrust,1
squaremile_com,squaremile_com,1
EmileHeskeyUK,EmileHeskeyUK,1
JonDenton,JonDenton,1
VICEUK,VICEUK,1
Syndicate,Syndicate,2
Manny_Official,Manny_Official,6
Twitch,Twitch,2
TeamGB,TeamGB,1
TaliaMar,TaliaMar,12
Genius,Genius,1
SidemenClothing,SidemenClothing,6
AbbieAbbiemac,AbbieAbbiemac,1
DigiFarmAnimals,DigiFarmAnimals,1
visitBlackpool,visitBlackpool,1
theestallion,theestallion,1
YouTubeMusic,YouTubeMusic,1
GRACEYmusic_,GRACEYmusic_,1
IamRicoLove,IamRicoLove,1
KEEMSTAR,KEEMSTAR,3
behz_inga1995,behz_inga1995,1
yefdymt,yefdymt,1
deezer,deezer,1
ZephPlayz,ZephPlayz,1
GRMDAILY,GRMDAILY,1
DanBilzerian,DanBilzerian,1
NoiseyMusic,NoiseyMusic,1
lorraine,lorraine,1
DamoChristian,DamoChristian,1
ftblBernardo,ftblBernardo,1
WilliamYNG_FURY,WilliamYNG_FURY,1
taliamar,taliamar,2
edsheeran,edsheeran,1
AlvinPlays5,AlvinPlays5,1
RandolphUK,RandolphUK,14
miniminter,miniminter,5
Vikkstar123,Vikkstar123,13
Itshaber,Itshaber,7
TheVampsCon,TheVampsCon,6
WarsZ,WarsZ,6
Behzinga,Behzinga,9
the_pieface,the_pieface,5
PlayApex,PlayApex,4
PGATOUR2K,PGATOUR2K,4
Sidemen,Sidemen,34
Itz_WarsZ,Itz_WarsZ,3
Callux,Callux,5
RiotAngeI,RiotAngeI,3
StodehTV,StodehTV,3
Sazclose,Sazclose,3
wroetoshaw,wroetoshaw,8
Astrojordz,Astrojordz,3
youtooz,youtooz,3
EASPORTSFIFA,EASPORTSFIFA,2
PlayAvengers,PlayAvengers,2
MrBeastYT,MrBeastYT,2
CrashBandicoot,CrashBandicoot,2
willne,willne,2
antihan_,antihan_,2
majasundz,majasundz,2
JmeBBK,JmeBBK,2
EllumYT,EllumYT,2
Tobyd2004,Tobyd2004,2
UberEats,UberEats,2
AnEsonGib,AnEsonGib,5
ScufGaming,ScufGaming,2
RidersRepublic,RidersRepublic,2
TalhaIslam24,TalhaIslam24,1
thegrefg,thegrefg,1
Wizzite,Wizzite,1
chrismd10,chrismd10,2
HatsyYT,HatsyYT,1
KonTweets,KonTweets,1
PapaJohnsUK,PapaJohnsUK,1
ochocinco,ochocinco,1
hemansh_munjal,hemansh_munjal,1
HyperScapeGame,HyperScapeGame,1
Lilvada,Lilvada,1
YungenPlayDirty,YungenPlayDirty,1
MarcusOBach1,MarcusOBach1,1
houseflippersim,houseflippersim,1
Uber,Uber,1
CHAMP_OFFICIAL1,CHAMP_OFFICIAL1,1
RocketArena,RocketArena,1
elonmusk,elonmusk,1
KSIOlajidebt,KSIOlajidebt,1
Jack_Septic_Eye,Jack_Septic_Eye,1
theobaker_,theobaker_,1
zerkaa,zerkaa,1
FanOfStuff00,FanOfStuff00,1
alhan,alhan,1
richis,richis,1
Ay_Speaks,Ay_Speaks,1
ProSyndicate,ProSyndicate,1
_charrlotteeeee,_charrlotteeeee,1
cloakzy,cloakzy,1
StephChalkleyx,StephChalkleyx,1
PlayStation,PlayStation,1
PCSpecialist,PCSpecialist,1
LandoNorris,LandoNorris,2
jzpr,jzpr,1
joe_weller_,joe_weller_,1
Alythuh,Alythuh,1
Kwebbelkop,Kwebbelkop,1
JodieLeighAshw6,JodieLeighAshw6,1
rickdog151_ttv,rickdog151_ttv,1
Manny,Manny,1
EmanKellam,EmanKellam,1
LiamTWiiN,LiamTWiiN,1
TheReevHD,TheReevHD,1
Speakeasytrait1,Speakeasytrait1,1
ridersrepublic,ridersrepublic,1
mikemajlak,mikemajlak,1
jamescharles,jamescharles,1
MattHDGamer,MattHDGamer,1
elgato,elgato,1
ich1209,ich1209,1
MIIZT,MIIZT,1
yungchip,yungchip,1
HeinzKetchup_US,HeinzKetchup_US,1
Ubisoft,Ubisoft,1
Harry32111453,Harry32111453,1
OfficialAitch,OfficialAitch,1
pringles_uk,pringles_uk,1
NVIDIAGeForceUK,NVIDIAGeForceUK,1
Nadeshot,Nadeshot,2
arocknation,arocknation,1
callux,callux,1
Castro1021,Castro1021,1
ChipotleTweets,ChipotleTweets,1
Drake,Drake,1
daRealAkinfenwa,daRealAkinfenwa,1
p123_leon,p123_leon,1
lucyhignettxx,lucyhignettxx,1
Blay_Vision,Blay_Vision,1
kingxsdmn,kingxsdmn,1
Marshall89HD,Marshall89HD,1
kritipunjabi,kritipunjabi,1
LGGaming,LGGaming,1
joinsideplus,joinsideplus,23
Gymshark,Gymshark,19
WestHam,WestHam,5
_DeclanRice,_DeclanRice,3
XcademyOfficial,XcademyOfficial,2
BulkOfficial,BulkOfficial,2
elzthewitch,elzthewitch,2
Jaack,Jaack,2
_Rawr93,_Rawr93,1
Lukedutchh,Lukedutchh,1
HajirFT,HajirFT,1
mrmenofficial,mrmenofficial,1
TN25_,TN25_,1
JxmesStev,JxmesStev,1
LoganPaul,LoganPaul,1
joel_robin5on,joel_robin5on,1
patarsurs,patarsurs,1
TegsRF,TegsRF,1
RsKyLuck,RsKyLuck,1
ForzaHorizon,ForzaHorizon,1
unknwnt9,unknwnt9,1
Tyson_Fury,Tyson_Fury,1
NayauAd,NayauAd,1
SpencerOwen,SpencerOwen,1
FootyHumour,FootyHumour,1
jacksammoutis,jacksammoutis,1
Noble16Mark,Noble16Mark,1
UtdAmin03,UtdAmin03,1
WestHamClips,WestHamClips,1
OMGitsAliA,OMGitsAliA,1
gymshark,gymshark,1
ROSEGOLDJESS,ROSEGOLDJESS,1
DonStrapzy_,DonStrapzy_,1
sedonsfc,sedonsfc,1
clash_creators,clash_creators,1
NepentheZ,NepentheZ,1
Itani,Itani,1
Ryanjohns1Johns,Ryanjohns1Johns,1
DavidMeyler,DavidMeyler,1
ShardzMedia,ShardzMedia,1
EvanCoolJ,EvanCoolJ,1
IsitRIL,IsitRIL,1
AldiUK,AldiUK,1
MummyBehz,MummyBehz,1
StuartJones7,StuartJones7,1
liljarviss,liljarviss,1
ajtracey,ajtracey,1
Dionnexsdmn,Dionnexsdmn,1
,,1
